{
  "_id": "8eb78c8d-1737-436c-b37a-50e88fbf2564",
  "aiPersonaId": "e0991a0a-3615-4209-bd34-18526bf4ab47",
  "integrationId": "ma-recipe-creation-8823-primary-workflow-for-recipe-creation",
  "isMiniAgentPrimaryWorkflow": true,
  "name": "Primary Workflow for Recipe Creation",
  "publisherAccountId": "3731b787-f92a-4793-9dfe-269b7a3b98fd",
  "startTaskId": "a93234b7-559a-4a6d-b360-db64e021d1c2",
  "status": "Active",
  "tasks": [
    {
      "_id": "a93234b7-559a-4a6d-b360-db64e021d1c2",
      "type": "PassThrough",
      "config": {
        "name": "Pass Through",
        "description": "Pass through the input to the output"
      },
      "transitions": [
        {
          "_id": "304f830e-c735-4599-9967-25fb447f0bb7-a93234b7-559a-4a6d-b360-db64e021d1c2",
          "nextTask": "304f830e-c735-4599-9967-25fb447f0bb7",
          "name": "If query doesnt exists",
          "rules": [
            {
              "type": "any",
              "operator": "notExists",
              "path": "$output.query"
            }
          ]
        },
        {
          "_id": "f20b9eab-4cc9-4ddc-bc7e-39487da0aef3-a93234b7-559a-4a6d-b360-db64e021d1c2",
          "nextTask": "f20b9eab-4cc9-4ddc-bc7e-39487da0aef3",
          "name": "If intents are already classified",
          "rules": [
            {
              "type": "any",
              "operator": "exists",
              "path": "$output.intents"
            },
            {
              "type": "any",
              "operator": "exists",
              "path": "$output.query"
            }
          ]
        },
        {
          "_id": "a93234b7-559a-4a6d-b360-db64e021d1c2-3fdacbdf-6ecf-4a01-8757-7d8248bfd0d8",
          "name": "If query exists",
          "nextTask": "3fdacbdf-6ecf-4a01-8757-7d8248bfd0d8",
          "rules": [
            {
              "type": "any",
              "operator": "exists",
              "path": "$output.query"
            },
            {
              "type": "any",
              "operator": "notExists",
              "path": "$output.intents"
            }
          ]
        }
      ],
      "globalVariables": [
        {
          "name": "query",
          "referencePath": "$input.query"
        },
        {
          "name": "conversationId",
          "referencePath": "$input.conversationId"
        }
      ]
    },
    {
      "_id": "304f830e-c735-4599-9967-25fb447f0bb7",
      "type": "Input",
      "config": {
        "name": "User Input",
        "description": "Get user input",
        "type": "string"
      },
      "transitions": [
        {
          "_id": "304f830e-c735-4599-9967-25fb447f0bb7-3fdacbdf-6ecf-4a01-8757-7d8248bfd0d8",
          "name": "Default",
          "nextTask": "3fdacbdf-6ecf-4a01-8757-7d8248bfd0d8"
        }
      ],
      "globalVariables": [
        {
          "name": "query",
          "referencePath": "$output.userInput"
        },
        {
          "name": "selfLoopMiniAgent",
          "referencePath": "true"
        }
      ]
    },
    {
      "_id": "3fdacbdf-6ecf-4a01-8757-7d8248bfd0d8",
      "type": "Loader",
      "config": {
        "name": "Loader",
        "description": "Display loader message",
        "type": "loader",
        "text": "Just a moment... identifying the best approach to assist you."
      },
      "transitions": [
        {
          "_id": "3fdacbdf-6ecf-4a01-8757-7d8248bfd0d8-62ee9090-fb17-43e2-a885-0d277ad6f890",
          "name": "Default",
          "nextTask": "62ee9090-fb17-43e2-a885-0d277ad6f890"
        }
      ]
    },
    {
      "_id": "62ee9090-fb17-43e2-a885-0d277ad6f890",
      "type": "IntentClassification",
      "config": {
        "name": "Intent Classification",
        "description": "Classify the intent of the user message",
        "modelId": "4cf651d9-edf3-455f-a22e-53cc67fcc07b",
        "intents": [
          {
            "name": "Generate Recipe",
            "description": "Creates a recipe using the ingredients specified by the user, taking into account any dietary preferences or restrictions.",
            "examples": [
              "What can I cook with chicken, tomatoes, and basil?",
              "Suggest a recipe using tofu and broccoli.",
              "I have eggs, flour, and sugar. What can I make?"
            ]
          },
          {
            "name": "Provide Cooking Instructions",
            "description": "Offers detailed cooking instructions for the generated recipe, including preparation and cooking steps.",
            "examples": [
              "How do I cook the chicken and tomato recipe?",
              "Can you give me the steps for making a tofu stir-fry?",
              "What are the instructions for baking a cake with these ingredients?"
            ]
          },
          {
            "name": "Suggest Variations",
            "description": "Provides alternative recipe suggestions or modifications based on dietary preferences, such as vegetarian, vegan, or gluten-free options.",
            "examples": [
              "Can you make this recipe vegan?",
              "What is a gluten-free alternative for this dish?",
              "How can I modify this recipe to be vegetarian?"
            ]
          }
        ],
        "query": "$agent.query"
      },
      "transitions": [
        {
          "_id": "62ee9090-fb17-43e2-a885-0d277ad6f890-f20b9eab-4cc9-4ddc-bc7e-39487da0aef3",
          "name": "If Intent is Matched",
          "rules": [
            {
              "type": "string",
              "operator": "equal",
              "path": "$output.intentMatched",
              "value": "true"
            }
          ],
          "nextTask": "f20b9eab-4cc9-4ddc-bc7e-39487da0aef3"
        },
        {
          "_id": "62ee9090-fb17-43e2-a885-0d277ad6f890-f9e7a98e-f599-4a42-b6cf-cc289cc5750a",
          "name": "If No Intent is Matched",
          "rules": [
            {
              "type": "string",
              "operator": "equal",
              "path": "$output.intentMatched",
              "value": "false"
            }
          ],
          "nextTask": "f9e7a98e-f599-4a42-b6cf-cc289cc5750a"
        }
      ]
    },
    {
      "_id": "f20b9eab-4cc9-4ddc-bc7e-39487da0aef3",
      "type": "JSFunction",
      "config": {
        "name": "JS Function",
        "description": "Execute JS function",
        "code": "\nconst main = () => {\n    const currentExecutionId = _id;\n    const intents = agent?.icIntents?.[currentExecutionId] || input.intents;\n    const currentIndex = agent?.icLoopIndexes?.[currentExecutionId] || 0;\n    const currentIntent = intents[currentIndex] || {};\n    const { intent, task } = currentIntent;\n    const state = currentIndex === intents.length ? 'end' : 'continue'\n    const icLoopIndexes = { ...(agent?.icLoopIndexes || {}), [_id]: state === 'end' ? undefined : currentIndex + 1 };\n    const icIntents = { ...(agent?.icIntents || {}), [_id]: state === 'end' ? undefined : intents };\n    return { ...input, intent, state: currentIndex === intents.length ? 'end' : 'continue', icLoopIndexes, icIntents, query: task };\n};\n\nmain()\n"
      },
      "globalVariables": [
        {
          "referencePath": "$output.icLoopIndexes",
          "name": "icLoopIndexes"
        },
        {
          "referencePath": "$output.icIntents",
          "name": "icIntents"
        }
      ],
      "transitions": [
        {
          "_id": "f20b9eab-4cc9-4ddc-bc7e-39487da0aef3-e0c29e11-b2e3-4118-baf5-2eb3a0e4c310",
          "name": "If Intent is Matched",
          "rules": [
            {
              "type": "string",
              "operator": "equal",
              "path": "$output.intent",
              "value": "Generate Recipe"
            }
          ],
          "nextTask": "e0c29e11-b2e3-4118-baf5-2eb3a0e4c310"
        },
        {
          "_id": "f20b9eab-4cc9-4ddc-bc7e-39487da0aef3-6723c4ba-2e7b-4ad1-94d7-c20b9c93c233",
          "name": "If Intent is Matched",
          "rules": [
            {
              "type": "string",
              "operator": "equal",
              "path": "$output.intent",
              "value": "Provide Cooking Instructions"
            }
          ],
          "nextTask": "6723c4ba-2e7b-4ad1-94d7-c20b9c93c233"
        },
        {
          "_id": "f20b9eab-4cc9-4ddc-bc7e-39487da0aef3-362f9223-dd05-42e4-b1ba-4181c555b960",
          "name": "If Intent is Matched",
          "rules": [
            {
              "type": "string",
              "operator": "equal",
              "path": "$output.intent",
              "value": "Suggest Variations"
            }
          ],
          "nextTask": "362f9223-dd05-42e4-b1ba-4181c555b960"
        },
        {
          "_id": "f20b9eab-4cc9-4ddc-bc7e-39487da0aef3-304f830e-c735-4599-9967-25fb447f0bb7",
          "name": "If Self Loop",
          "rules": [
            {
              "type": "string",
              "operator": "equal",
              "path": "$agent.selfLoopMiniAgent",
              "value": "true"
            },
            {
              "type": "string",
              "operator": "equal",
              "path": "$output.state",
              "value": "end"
            }
          ],
          "nextTask": "304f830e-c735-4599-9967-25fb447f0bb7"
        }
      ]
    },
    {
      "_id": "e0c29e11-b2e3-4118-baf5-2eb3a0e4c310",
      "type": "Workflow",
      "config": {
        "name": "Intent - Generate Recipe",
        "description": "Workflow for intent - Generate Recipe",
        "workflowId": "d2161aa1-4f85-4d3f-ad08-6f1de7850b1c"
      },
      "transitions": [
        {
          "_id": "e0c29e11-b2e3-4118-baf5-2eb3a0e4c310-f20b9eab-4cc9-4ddc-bc7e-39487da0aef3",
          "name": "Mini agent execution completed",
          "nextTask": "f20b9eab-4cc9-4ddc-bc7e-39487da0aef3"
        }
      ]
    },
    {
      "_id": "6723c4ba-2e7b-4ad1-94d7-c20b9c93c233",
      "type": "Workflow",
      "config": {
        "name": "Intent - Provide Cooking Instructions",
        "description": "Workflow for intent - Provide Cooking Instructions",
        "workflowId": "0301caae-4500-47bd-8685-899a16098f26"
      },
      "transitions": [
        {
          "_id": "6723c4ba-2e7b-4ad1-94d7-c20b9c93c233-f20b9eab-4cc9-4ddc-bc7e-39487da0aef3",
          "name": "Mini agent execution completed",
          "nextTask": "f20b9eab-4cc9-4ddc-bc7e-39487da0aef3"
        }
      ]
    },
    {
      "_id": "362f9223-dd05-42e4-b1ba-4181c555b960",
      "type": "Workflow",
      "config": {
        "name": "Intent - Suggest Variations",
        "description": "Workflow for intent - Suggest Variations",
        "workflowId": "2d528edd-ae23-4828-996d-65207f4abf03"
      },
      "transitions": [
        {
          "_id": "362f9223-dd05-42e4-b1ba-4181c555b960-f20b9eab-4cc9-4ddc-bc7e-39487da0aef3",
          "name": "Mini agent execution completed",
          "nextTask": "f20b9eab-4cc9-4ddc-bc7e-39487da0aef3"
        }
      ]
    },
    {
      "_id": "f9e7a98e-f599-4a42-b6cf-cc289cc5750a",
      "transitions": [
        {
          "_id": "f9e7a98e-f599-4a42-b6cf-cc289cc5750a-304f830e-c735-4599-9967-25fb447f0bb7",
          "name": "If Self Loop",
          "rules": [
            {
              "type": "string",
              "operator": "equal",
              "path": "$agent.selfLoopMiniAgent",
              "value": "true"
            }
          ],
          "nextTask": "304f830e-c735-4599-9967-25fb447f0bb7"
        }
      ],
      "type": "Output",
      "config": {
        "name": "Output",
        "description": "Output the response to the user",
        "type": "external",
        "text": "Unable to complete task $agent.query"
      }
    },
    {
      "_id": "7dccef62-6656-422e-8a81-fca3f627a68b",
      "transitions": [
        {
          "_id": "7dccef62-6656-422e-8a81-fca3f627a68b-304f830e-c735-4599-9967-25fb447f0bb7",
          "name": "If Self Loop",
          "rules": [
            {
              "type": "string",
              "operator": "equal",
              "path": "$agent.selfLoopMiniAgent",
              "value": "true"
            }
          ],
          "nextTask": "304f830e-c735-4599-9967-25fb447f0bb7"
        }
      ],
      "type": "Display",
      "config": {
        "name": "Display",
        "description": "Display the response to the user",
        "type": "text",
        "text": "$input.content"
      }
    }
  ],
  "type": "Conversational",
  "version": "latest"
}