{
  "_id": "0301caae-4500-47bd-8685-899a16098f26",
  "aiPersonaId": "e0991a0a-3615-4209-bd34-18526bf4ab47",
  "integrationId": "provide-cooking-instructions-0221",
  "name": "Workflow for Provide Cooking Instructions",
  "publisherAccountId": "3731b787-f92a-4793-9dfe-269b7a3b98fd",
  "startTaskId": "cf5df644-efcf-4160-a06e-8ad1c1949953",
  "status": "Active",
  "tasks": [
    {
      "_id": "cf5df644-efcf-4160-a06e-8ad1c1949953",
      "transitions": [],
      "type": "Display",
      "config": {
        "name": "Display",
        "description": "Display the response to the user",
        "type": "text",
        "text": "Hi there! Intent $input.intent has been matched"
      }
    }
  ],
  "type": "Conversational",
  "version": "latest"
}