{
  "_id": "e0991a0a-3615-4209-bd34-18526bf4ab47",
  "inferenceEngine": {
    "modelId": "4cf651d9-edf3-455f-a22e-53cc67fcc07b"
  },
  "integrationId": "ai-recipe-generator-6325",
  "integrations": {},
  "intentClassification": {
    "modelId": "4cf651d9-edf3-455f-a22e-53cc67fcc07b"
  },
  "name": "AI Recipe Generator",
  "publisherAccountId": "3731b787-f92a-4793-9dfe-269b7a3b98fd",
  "status": "Active",
  "useAsChatbot": true,
  "variables": {
    "secrets": []
  },
  "miniAgentIds": [
    "ed7f2ae6-4701-4152-94d4-a45e01071a76"
  ],
  "miniAgents": [
    {
      "_id": "ed7f2ae6-4701-4152-94d4-a45e01071a76",
      "integrationId": "recipe-creation-8823",
      "intents": [
        {
          "_id": "generate-recipe-8823",
          "name": "Generate Recipe",
          "description": "Creates a recipe using the ingredients specified by the user, taking into account any dietary preferences or restrictions.",
          "examples": [
            "What can I cook with chicken, tomatoes, and basil?",
            "Suggest a recipe using tofu and broccoli.",
            "I have eggs, flour, and sugar. What can I make?"
          ],
          "flowType": "Workflow",
          "workflowId": "d2161aa1-4f85-4d3f-ad08-6f1de7850b1c"
        },
        {
          "_id": "provide-cooking-instructions-8823",
          "name": "Provide Cooking Instructions",
          "description": "Offers detailed cooking instructions for the generated recipe, including preparation and cooking steps.",
          "examples": [
            "How do I cook the chicken and tomato recipe?",
            "Can you give me the steps for making a tofu stir-fry?",
            "What are the instructions for baking a cake with these ingredients?"
          ],
          "flowType": "Workflow",
          "workflowId": "0301caae-4500-47bd-8685-899a16098f26"
        },
        {
          "_id": "suggest-variations-8823",
          "name": "Suggest Variations",
          "description": "Provides alternative recipe suggestions or modifications based on dietary preferences, such as vegetarian, vegan, or gluten-free options.",
          "examples": [
            "Can you make this recipe vegan?",
            "What is a gluten-free alternative for this dish?",
            "How can I modify this recipe to be vegetarian?"
          ],
          "flowType": "Workflow",
          "workflowId": "2d528edd-ae23-4828-996d-65207f4abf03"
        }
      ],
      "name": "Recipe Creation",
      "scope": "Handles queries related to generating recipes based on the ingredients provided by the user. It can suggest recipes, provide cooking instructions, and offer variations based on dietary preferences or restrictions.",
      "miniAgentId": "ed7f2ae6-4701-4152-94d4-a45e01071a76"
    }
  ],
  "rags": [],
  "intentWorkflows": [
    {
      "_id": "0301caae-4500-47bd-8685-899a16098f26",
      "integrationId": "provide-cooking-instructions-0221",
      "name": "Workflow for Provide Cooking Instructions"
    },
    {
      "_id": "2d528edd-ae23-4828-996d-65207f4abf03",
      "integrationId": "suggest-variations-0221",
      "name": "Workflow for Suggest Variations"
    },
    {
      "_id": "d2161aa1-4f85-4d3f-ad08-6f1de7850b1c",
      "integrationId": "generate-recipe-0221",
      "name": "Workflow for Generate Recipe"
    }
  ]
}